{
  "component_weights": {
    "resource": 0.10987616442334862,
    "site_env": 0.025300672844245392,
    "schedule": 0.06942484430633965,
    "cost": -0.046659772150881774
  },
  "intercept": 0.004764934703672806
}